﻿{
  "Name": "Monitoramento de pastas VAN bancária - ITAÚ",
  "Version": "1.0",
  "FolderMaps": [   
    {  
      "Name": "Processando todos os arquivos da pasta 001",
      "FolderPathOrigin": "D:\\VANS\\ITAU\\v1.6.1_windows\\COLOCERAM\\RETORNO\\PROD\\001",
      "SFTPPathDestination": "SFTP:/system/RETORNOS/BANCO341/341_@Inspect_VAR/001/PROCESSAR",
      "ProcessedFilesOnError": "D:\\VANS\\ITAU\\v1.6.1_windows\\COLOCERAM\\RETORNO_SYNC\\001\\ERRO",
      "ProcessedFilesOnSuccess": "D:\\VANS\\ITAU\\v1.6.1_windows\\COLOCERAM\\RETORNO_SYNC\\001\\OK",
      "EmailNotify": "daniel.silveira@colorobbia.com.br",
      "InspectLocation": "L00001(0059,0071)",
      "TasksMaps": [
        {
          "Name": "Informa se durante a cópia deve inspecioner o arquivo e gravar os dados na Inspect_VAR - Linha 1 posição 59 a 71 L1(59,71)",
          "Order": 1,
          "Task": "inspect:@InspectLocation"
        },
        {
          "Name": "Copinado arquivo para o destino | copy:@SFTPPathDestination",
          "Order": 2,
          "Task": "copy:@FolderPathOrigin:@SFTPPathDestination"

        },
        {
          "Name": "Verificando se foi copiado com sucesso | check:@SFTPPathDestination",
          "Order": 3,
          "Task": "check:@FolderPathOrigin:@SFTPPathDestination"
        },
        {
          "Name": "Movendo o arquivo para a pasta de processamento | move:@FolderPath:@ProcessedFilesOnSuccess",
          "Order": 4,
          "Task": "move:@FolderPathOrigin:@ProcessedFilesOnSuccess"
        },
        {
          "Name": "Enviando notificação | @EmailNotify",
          "Order": 5,
          "Task": "notify"
        }
      ]
    },
    {
      "Name": "Processando todos os arquivos da pasta 008",
      "FolderPathOrigin": "D:\\VANS\\ITAU\\v1.6.1_windows\\COLOCERAM\\RETORNO\\PROD\\008",
      "SFTPPathDestination": "SFTP:/system/RETORNOS/BANCO341/341_@Inspect_VAR/008/PROCESSAR",
      "ProcessedFilesOnError": "D:\\VANS\\ITAU\\v1.6.1_windows\\COLOCERAM\\RETORNO_SYNC\\008\\ERRO",
      "ProcessedFilesOnSuccess": "D:\\VANS\\ITAU\\v1.6.1_windows\\COLOCERAM\\RETORNO_SYNC\\008\\OK",
      "EmailNotify": "daniel.silveira@colorobbia.com.br",
      "InspectLocation": "L00001(0059,0071)",
      "TasksMaps": [
        {
          "Name": "Informa se durante a cópia deve inspecioner o arquivo e gravar os dados na Inspect_VAR - Linha 1 posição 59 a 71 L1(59,71)",
          "Order": 1,
          "Task": "inspect:@InspectLocation"
        },
        {
          "Name": "Copinado arquivo para o destino | copy:@SFTPPathDestination",
          "Order": 2,
          "Task": "copy:@FolderPathOrigin:@SFTPPathDestination"

        },
        {
          "Name": "Verificando se foi copiado com sucesso | check:@SFTPPathDestination",
          "Order": 3,
          "Task": "check:@FolderPathOrigin:@SFTPPathDestination"
        },
        {
          "Name": "Movendo o arquivo para a pasta de processamento | move:@FolderPath:@ProcessedFilesOnSuccess",
          "Order": 4,
          "Task": "move:@FolderPathOrigin:@ProcessedFilesOnSuccess"
        },
        {
          "Name": "Enviando notificação | @EmailNotify",
          "Order": 5,
          "Task": "notify"
        }
      ]
    },
    {
      "Name": "Processando todos os arquivos da pasta 025",
      "FolderPathOrigin": "D:\\VANS\\ITAU\\v1.6.1_windows\\COLOCERAM\\RETORNO\\PROD\\025",
      "SFTPPathDestination": "SFTP:/system/RETORNOS/BANCO341/341_@Inspect_VAR/025/PROCESSAR",
      "ProcessedFilesOnError": "D:\\VANS\\ITAU\\v1.6.1_windows\\COLOCERAM\\RETORNO_SYNC\\025\\ERRO",
      "ProcessedFilesOnSuccess": "D:\\VANS\\ITAU\\v1.6.1_windows\\COLOCERAM\\RETORNO_SYNC\\025\\OK",
      "EmailNotify": "daniel.silveira@colorobbia.com.br",
      "InspectLocation": "L00001(0059,0071)",
      "TasksMaps": [
        {
          "Name": "Informa se durante a cópia deve inspecioner o arquivo e gravar os dados na Inspect_VAR - Linha 1 posição 59 a 71 L1(59,71)",
          "Order": 1,
          "Task": "inspect:@InspectLocation"
        },
        {
          "Name": "Copinado arquivo para o destino | copy:@SFTPPathDestination",
          "Order": 2,
          "Task": "copy:@FolderPathOrigin:@SFTPPathDestination"

        },
        {
          "Name": "Verificando se foi copiado com sucesso | check:@SFTPPathDestination",
          "Order": 3,
          "Task": "check:@FolderPathOrigin:@SFTPPathDestination"
        },
        {
          "Name": "Movendo o arquivo para a pasta de processamento | move:@FolderPath:@ProcessedFilesOnSuccess",
          "Order": 4,
          "Task": "move:@FolderPathOrigin:@ProcessedFilesOnSuccess"
        },
        {
          "Name": "Enviando notificação | @EmailNotify",
          "Order": 5,
          "Task": "notify"
        }
      ]
    },
    {
      "Name": "Processando todos os arquivos da pasta 042",
      "FolderPathOrigin": "D:\\VANS\\ITAU\\v1.6.1_windows\\COLOCERAM\\RETORNO\\PROD\\042",
      "SFTPPathDestination": "SFTP:/system/RETORNOS/BANCO341/341_@Inspect_VAR/042/PROCESSAR",
      "ProcessedFilesOnError": "D:\\VANS\\ITAU\\v1.6.1_windows\\COLOCERAM\\RETORNO_SYNC\\042\\ERRO",
      "ProcessedFilesOnSuccess": "D:\\VANS\\ITAU\\v1.6.1_windows\\COLOCERAM\\RETORNO_SYNC\\042\\OK",
      "EmailNotify": "daniel.silveira@colorobbia.com.br",
      "InspectLocation": "L00001(0059,0071)",
      "TasksMaps": [
        {
          "Name": "Informa se durante a cópia deve inspecioner o arquivo e gravar os dados na Inspect_VAR - Linha 1 posição 59 a 71 L1(59,71)",
          "Order": 1,
          "Task": "inspect:@InspectLocation"
        },
        {
          "Name": "Copinado arquivo para o destino | copy:@SFTPPathDestination",
          "Order": 2,
          "Task": "copy:@FolderPathOrigin:@SFTPPathDestination"

        },
        {
          "Name": "Verificando se foi copiado com sucesso | check:@SFTPPathDestination",
          "Order": 3,
          "Task": "check:@FolderPathOrigin:@SFTPPathDestination"
        },
        {
          "Name": "Movendo o arquivo para a pasta de processamento | move:@FolderPath:@ProcessedFilesOnSuccess",
          "Order": 4,
          "Task": "move:@FolderPathOrigin:@ProcessedFilesOnSuccess"
        },
        {
          "Name": "Enviando notificação | @EmailNotify",
          "Order": 5,
          "Task": "notify"
        }
      ]
    }
  ]
}
